TEAM,CONF,G,W,ADJOE,ADJDE,BARTHAG,EFG_O,EFG_D,TOR,TORD,ORB,DRB,FTR,FTRD,2P_O,2P_D,3P_O,3P_D,ADJ_T,WAB,POSTSEASON,SEED
Kansas,B12,36,28,113.8,92.3,0.9177,52.6,47,17.5,20.2,28.7,28.7,29.8,31.1,53,47.2,34.7,31,69,10.1,R32,1
Purdue,B10,35,29,117.9,93.7,0.9333,51.8,47.2,17.2,15.4,38.4,23.5,37.2,19.2,54.1,47.2,32.2,31.3,63.9,9.4,R64,1
Alabama,SEC,37,31,116.1,89,0.9548,52.1,41.3,18.7,15.8,34.2,27.9,36.6,32.6,53.8,40.8,33.5,28.3,72.6,10.2,S16,1
Houston,Amer,37,33,117.3,90.3,0.9532,52.3,42.7,15.4,21.1,37.1,27.7,28.9,35.7,53.1,43.4,34,27.9,63.4,8,S16,1
Texas,B12,38,29,116.1,91.8,0.9371,53.3,48.1,16.3,22.1,28.3,29,30.5,33.7,54,47.9,34.7,32.4,68.5,7.5,E8,2
Marquette,BE,36,29,118.7,96,0.9197,56,51,15.3,22.5,26.2,31.7,27,29.1,58.2,50.3,35.3,34.7,68.4,7.8,R32,2
Arizona,P12,35,28,119.4,95.4,0.9292,56.5,47.1,18.4,16.9,30.7,26.1,35.8,25.5,56.4,46.2,37.8,32.3,72.2,7.6,R64,2
UCLA,P12,37,31,114.9,88.5,0.9528,51.1,46.8,14.9,23.3,33,28.2,27.4,27.5,50.6,46.9,34.9,31.1,66.1,8.4,S16,2
Kansas St.,B12,36,26,112.6,94.7,0.8803,52.3,48.1,19.3,21,29.9,30.3,36.1,36.3,52.8,49.2,34.3,30.8,69.8,4.2,E8,3
Gonzaga,WCC,36,31,123.2,99,0.9251,57.6,51.4,14.8,17.8,31.2,25.6,34.1,26,58.2,50.6,37.5,35.2,70.1,6.6,E8,3
Baylor,B12,34,23,121.7,100.6,0.8991,53.2,51.6,17.9,19.9,34.4,30.9,36.8,31.3,51.6,53.3,36.8,32.5,66.9,5.2,R32,3
Xavier,BE,37,27,118,98.5,0.889,55.2,50.3,17.2,16.2,30.8,25,31.4,27,53.8,48.6,39,35.8,70.5,5.4,S16,3
Connecticut,BE,39,31,121.5,91.2,0.9643,53.9,44.4,18.9,18.5,38.5,26.1,30.8,37.8,53.6,44.4,36.3,29.7,66.7,5,Champions,4
Indiana,B10,35,23,113.1,96.9,0.8557,53.5,47.2,16.8,16.3,28.1,29,29.5,29.8,53,45.4,36.8,33.4,67.9,3.4,R32,4
Virginia,ACC,33,25,110,94,0.8591,51.2,48.3,13.6,19.5,25.6,24.9,34.7,26.3,50.4,46.4,35,34.1,61.3,4.1,R64,4
Tennessee,SEC,36,25,111.2,87.5,0.9401,49.9,42.8,18.1,22.2,36.4,26.9,30.7,33.8,50.3,45.1,32.8,26.5,65.1,2.8,S16,4
San Diego St.,MWC,38,32,110.8,89.5,0.9205,49.3,46.5,17.3,19.1,31.6,26.1,33.2,30.2,48.4,49.3,34,28.3,65.7,5.7,2ND,5
Miami FL,ACC,37,29,119.1,100.9,0.8715,54.3,51.2,16.1,18.1,31.8,28.8,30.7,24,53.8,51.8,36.8,33.5,68.6,3.7,F4,5
Saint Mary's,WCC,34,27,112.1,90.5,0.9213,52,47.1,16.4,19.2,32.6,21.9,32,29.9,50.8,45.7,36.1,33.3,61.9,3.4,R32,5
Duke,ACC,36,27,113.3,92.9,0.9072,51.1,46,18.3,16.5,35.9,26.1,29.9,23.7,51.5,46.2,33.5,30.5,64.9,4.5,R32,5
Creighton,BE,37,24,115,93.2,0.9177,54.2,47.1,16.6,13.9,25.3,23.5,28.4,19.7,55.1,45.7,35.4,33.6,67.7,2.2,E8,6
Kentucky,SEC,34,22,115.7,97.7,0.8738,50.6,48.6,17.4,16.6,39.2,25,31.9,29.9,50,48.6,34.7,32.4,65.8,1.6,R32,6
TCU,B12,35,22,111.7,94.6,0.8704,50,48.1,16.7,21.6,32.2,30.5,34.1,30.1,51.5,49.2,31,30.8,69.7,2.2,R32,6
Iowa St.,B12,33,19,107,90.9,0.8678,49.9,49.9,19.6,25,33.9,26.5,27.9,40.8,50,49.2,33.1,33.7,64,2.4,R64,6
Northwestern,B10,34,22,109.7,93.4,0.8642,47.3,48.4,14.7,21.3,28.6,27.7,29.7,31.6,46.7,46.8,32.1,33.8,64.5,1.6,R32,7
Missouri,SEC,35,25,117.5,104.5,0.7939,55,52.3,15.8,24,26.3,37.2,29.1,34.2,55.8,52.2,36,35,68.9,3.5,R32,7
Texas A&M,SEC,35,25,113.8,95.7,0.8808,48.8,48.2,18.3,20.9,36.7,30.4,45.1,34.7,48.8,47.2,32.6,33,66,3.7,R64,7
Michigan St.,B10,34,21,114.4,96.4,0.8771,51.7,48.6,16.4,14.8,27.6,25.2,27.2,28,48.2,48.7,39.3,32.4,64.6,2.4,S16,7
Maryland,B10,35,22,112.6,95.8,0.8658,50.8,47.7,16.5,18.4,30,28.1,34.3,28.4,51.8,47.4,32.8,32.3,64.3,1,R32,8
Iowa,B10,33,19,119.9,103.9,0.8385,51.7,53.3,14,18.2,32.1,27.4,32.3,23.8,52.1,52.5,34,36.6,69.6,0.3,R64,8
Memphis,Amer,35,26,115.4,95,0.903,53,46.7,18.3,20.8,31.2,32.7,35.4,34.4,53.1,47.1,35.3,30.8,71,4.7,R64,8
Arkansas,SEC,36,22,111.9,93.3,0.8894,50.9,47.2,18.1,20.5,30.8,27.9,39.3,39.5,52.5,47.4,31.3,31.1,69.5,0.4,S16,8
Florida Atlantic,CUSA,37,35,114,95.8,0.8815,54.3,46.1,16.9,17.7,31.4,25.4,29.6,26.3,53.8,44.7,36.6,32.4,67.5,4.7,F4,9
Auburn,SEC,34,21,113.1,94.9,0.8829,49.5,45.7,17.7,18.9,32.8,32.4,36.3,38.9,50.7,47,31.5,28.8,67.6,1.1,R32,9
West Virginia,B12,34,19,117.2,97.5,0.8933,51.5,50.9,18.5,20.9,34,29.3,39.4,38.7,50.9,50.8,35,34,68.4,1.5,R64,9
Illinois,B10,33,20,108.9,95.4,0.8216,51.4,46.7,18.4,18.5,31.6,26.7,34.3,30.1,55.1,45.1,30.8,33.4,69.8,0.9,R64,9
Penn St.,B10,37,23,117.5,100.7,0.8547,55.4,49.1,13.7,13.1,19.2,25.6,21.3,25.5,53.1,49.2,38.7,32.7,64.3,1.3,R32,10
USC,P12,33,22,111.8,97.4,0.8298,51.2,45.4,18.1,17.9,28.8,32.7,33.2,30.2,51,42.7,34.5,33.4,68,2.1,R64,10
Boise St.,MWC,33,24,110.1,95.6,0.8361,51.6,47.5,16.6,17.5,27.2,24,30.3,27.6,50.6,48,35.6,31.2,66.3,2.1,R64,10
Utah St.,MWC,34,26,115.4,98,0.867,55.5,48.1,17.6,15.8,27.4,24.5,34.9,30.3,54.5,46.2,37.9,34.5,68.6,2.9,R64,10
Pittsburgh,ACC,36,24,113.1,101.6,0.7743,52.5,48.5,16.3,16.6,29.5,28.6,32.9,30.4,51.4,48.2,36,32.6,67.2,-0.3,R32,11
Providence,BE,33,21,114.9,101.2,0.8128,51.1,49.7,16.8,16.9,34.7,27.3,36.3,25.4,50.8,49.2,34.6,33.8,66.8,1.3,R64,11
North Carolina St.,ACC,34,23,113.6,99.2,0.8272,51.5,49.8,13.5,18.8,30.4,26.2,25.3,34,51.1,50.9,34.7,31.6,69.2,1.1,R64,11
Arizona St.,P12,36,23,108.4,95,0.8207,48.4,46.5,16.8,20.1,29.2,31.5,31.2,33.5,48.5,43.6,32.2,34.1,68.1,1.2,R64,11
Mississippi St.,SEC,34,21,103.4,91.8,0.7985,46.7,46.2,19.4,21.7,35.5,28.6,33.8,27.6,50.4,45.8,26.6,31.1,63.6,0.4,R68,11
Nevada,MWC,32,22,109.7,99.5,0.7542,50.7,49.8,15.3,18.5,22.8,24.9,39.1,31.8,50.2,50,34.4,33,65.9,0.7,R68,11
Drake,MVC,34,27,108.8,95.6,0.8155,52.9,46.9,15.5,17.5,23.8,22.4,28.4,27.4,51.9,46.9,36.4,31.3,66.3,-0.7,R64,12
VCU,A10,35,27,105.5,93.4,0.8026,52,46.9,19.6,23.9,28.9,30,41.6,31.1,51.9,46.4,34.8,31.9,67.9,1,R64,12
Oral Roberts,Sum,31,30,111.8,101.6,0.7487,55.4,48.6,13.3,17.4,24.5,27.7,24.2,21.7,55.9,46.8,36.5,34.3,70.2,1.6,R64,12
College of Charleston,CAA,34,31,109.4,97.7,0.7865,51.1,47.9,16.7,19.3,34.6,25.4,32.7,24.9,52.5,49.1,33,30.1,71,1.7,R64,12
Furman,SC,33,28,112.7,104.8,0.6984,55,50.7,15.7,18.2,28.9,27.3,34.8,31.9,58.3,51.5,34.1,32.7,68.2,-2,R32,13
Louisiana Lafayette,SB,31,26,110.8,101.6,0.7299,52.8,50.5,17.7,18.4,33.3,26.3,37,34.2,51.9,49.3,36.5,35.6,68.4,-0.5,R64,13
Iona,MAAC,35,27,110.3,98.3,0.7909,51.6,46.3,15.1,20.7,31.6,30.8,29,30.9,50.4,47.1,36.2,29.7,68.5,-1.7,R64,13
Kent St.,MAC,33,28,107,97,0.756,50.8,47.3,16.3,22.3,31.3,30.2,31.5,38.1,51.4,47.9,33.2,31,67.8,0.8,R64,13
Grand Canyon,WAC,33,24,111.3,106,0.6388,52.8,47.5,18.1,15.1,30.2,30.4,36.9,33.2,50.4,47.1,37.6,32.3,64.9,-3.8,R64,14
Montana St.,BSky,33,25,105.1,98.2,0.6871,51,49.8,17.8,20.1,25.7,25.4,44,35.1,52.6,48.8,31.8,34.6,66.3,-2.7,R64,14
Kennesaw St.,ASun,32,26,105.6,100.3,0.6428,52.7,51.1,17.8,19.5,27.3,25.4,35.9,36.8,51.2,50.6,36.8,34.5,68.4,-1.4,R64,14
UC Santa Barbara,BW,33,27,110,105.7,0.6126,54.1,50.1,17,18.5,26.3,26.1,34.4,29.2,54.8,49.3,34.8,34.6,64.4,-1.5,R64,14
Vermont,AE,33,23,109.7,102.5,0.6873,54.8,51,14.3,16.6,19.2,22.3,28.1,26.9,55.4,50.1,36,35.1,64.5,-3.8,R64,15
Colgate,Pat,34,26,112.5,106.1,0.6607,58.2,52.2,15,17.6,25,24.5,27.3,20.2,56.9,51.5,40.5,35.6,67.5,-3.7,R64,15
UNC Asheville,BSth,33,27,102.3,103.5,0.4657,53.6,48.3,20.1,17.8,25.7,29.1,40.9,26.8,51.1,49.5,38.6,30.6,68.2,-1.9,R64,15
Princeton,Ivy,30,23,109.1,101,0.7083,52.2,48.4,16.5,14.7,28.1,22.6,30.4,28.1,53.3,48.1,33.7,32.7,67,-3.2,S16,15
Fairleigh Dickinson,NEC,35,21,106.1,114.7,0.2909,51.3,54.7,16.3,21.1,30.9,29.3,28,33.9,51.1,55.8,34.3,35.3,68.6,-12.2,R32,16
Northern Kentucky,Horz,33,22,102.6,101.4,0.5349,49.1,51.3,17.3,23.3,31.6,33,26.9,30.5,47.4,49.3,34.3,36.4,61.9,-6.7,R64,16
Howard,MEAC,32,22,102.7,106.3,0.4031,51.8,50.9,22.8,20.6,33.7,31.9,32.2,33.9,49.8,51.1,36.9,33.8,69,-7.3,R64,16
Texas A&M Corpus Chris,Slnd,31,24,105.8,107.4,0.4566,50.5,52.6,17.7,20.4,32.8,27.8,34.8,38.2,48.3,54.1,36.4,33.8,68.9,-6,R64,16
Texas Southern,SWAC,33,14,95.4,105.4,0.2394,46.1,49.6,20.3,18.5,29.2,27.5,34.3,38.8,47.7,48.9,28,33.9,69.2,-13.5,R68,16
Southeast Missouri St.,OVC,34,19,99.4,107.8,0.2823,50.1,51.3,17.3,19,25,28.3,38.2,44.1,50.3,50.7,33.2,35,72,-11.7,R68,16
LIU Brooklyn,NEC,27,3,86.9,116.7,0.0328,45.6,55.1,22.7,16.7,24.7,30.3,31.7,32.1,44.8,54.6,32,37.4,72.5,-21.3,N/A,N/A
California,P12,32,3,95.8,103.6,0.2897,43.7,51.6,20.1,16,25.3,30.4,31.5,32.6,43.2,52.5,29.8,33.4,63.3,-16.7,N/A,N/A
Green Bay,Horz,32,3,90.8,114.2,0.0669,46,54.8,21.1,16.1,21.7,32.4,31.5,31.6,46.6,56.1,30.1,35,65.1,-23.1,N/A,N/A
Louisville,ACC,32,4,101.2,109.4,0.2915,48,54.1,22.3,15.2,28.2,30.1,32.9,30.6,47.3,54.9,32.9,35.2,66.5,-16.8,N/A,N/A
Hartford,ind,25,5,89.5,117.5,0.0418,47.7,55.4,22.7,17.6,25.2,33.5,24.1,27.7,47.4,53.8,32,38.7,65.4,-20,N/A,N/A
Tulsa,Amer,30,5,98.5,109.3,0.2321,47.9,53.6,19.1,17,24.9,33,26.7,27.8,48.6,57.9,31.3,31.3,68,-15.8,N/A,N/A
South Carolina St.,MEAC,30,5,97.7,114.7,0.136,46.9,57.7,20.9,21,34.2,34.5,29.2,43.5,47.3,56.8,30.8,39.5,71.7,-20.1,N/A,N/A
Presbyterian,BSth,30,5,93,108.9,0.1403,47.3,54,20.8,18.4,29.9,29.5,36.5,39.1,47.3,52,31.5,38.5,64.4,-22.4,N/A,N/A
Evansville,MVC,32,5,90.7,108.6,0.1124,45.1,55.8,17.6,18.9,20.7,25.5,29.4,30.1,43.4,54.8,32.2,38.1,69.5,-20.5,N/A,N/A
Mississippi Valley St.,SWAC,32,5,91.8,111.7,0.0951,45.4,53.3,23.4,19.5,28.7,32.4,38,39.8,42.8,53,34.9,35.8,67.1,-20.4,N/A,N/A
IUPUI,Horz,30,5,95.7,118,0.0826,49.7,55,23.2,16.7,29,31.9,32.2,36,51.7,54.6,29.8,37.2,67,-22.5,N/A,N/A
Delaware St.,MEAC,27,6,91,111.2,0.0913,45.7,54.4,23.5,19,30.1,29.4,29.3,37,45.1,50.6,31.4,39.5,67.5,-17.5,N/A,N/A
Columbia,Ivy,27,7,94.3,110,0.1444,45.5,52,19.9,17.6,25.3,30.9,28.1,28.8,45.4,53.2,30.4,33.1,69.7,-16.5,N/A,N/A
Florida A&M,SWAC,27,7,89.3,108.8,0.0931,45,51.1,24,18,27.6,33.6,31.4,44.6,43.2,51.8,32.1,33.2,64.9,-16.3,N/A,N/A
NJIT,AE,29,7,97.4,110.7,0.1867,48.3,52.3,16,14.9,23.4,29.1,28.2,27.9,46.1,53.2,35.2,34,66.2,-18.4,N/A,N/A
Georgetown,BE,32,7,103.5,106,0.4327,47.1,53.6,17.5,15.9,28.9,30,29.1,24.5,47.5,50.5,30.9,38.9,68.7,-12.4,N/A,N/A
Cal St. Northridge,BW,30,7,94.7,108.8,0.1686,44.1,50.4,19.6,18,27.3,30.5,36.6,39,42.8,49.6,31.2,34.6,65.1,-19.2,N/A,N/A
VMI,SC,29,7,97.2,117.4,0.1017,47.8,56.9,19.3,14.6,28.9,27.3,21,28.1,45,57.7,34.2,37.4,66.7,-20.1,N/A,N/A
Monmouth,CAA,33,7,91.7,109.5,0.115,43.8,54.4,21.1,21,30.3,32.9,33.1,38.8,44,53.4,28.8,37,68.3,-19,N/A,N/A
Eastern Michigan,MAC,30,8,100.4,113.4,0.1976,49.2,55.6,16.9,17.1,25.1,32.8,32.2,35,50.3,58.7,31.4,34.1,69.2,-17,N/A,N/A
Western Michigan,MAC,28,8,100.5,116,0.1611,48.8,54.8,19.1,14.4,33,27.6,27.8,33.1,49.3,54.4,32.1,37,65.5,-17,N/A,N/A
Albany,AE,29,8,97.4,115.6,0.1226,47.3,55.3,19.2,16.6,27.8,26.7,31,36.8,46.6,56.5,32.2,35.3,67.3,-17.5,N/A,N/A
Alabama St.,SWAC,30,8,91.5,110.8,0.0999,42.3,49.7,18.7,17.7,31.7,34.4,31.2,34.6,40.4,48.9,30.8,34.2,66.3,-17.2,N/A,N/A
Elon,CAA,30,8,97.6,110.3,0.1962,47.8,52.1,18.4,17.1,24.9,30.6,27.5,29,50.5,51.4,29.2,35.2,66,-19,N/A,N/A
Hampton,CAA,31,8,96.8,115.4,0.1179,45.1,53.9,16,15.7,26.5,30.3,32.1,35.3,43.4,52.2,32.1,37.9,68.7,-18.6,N/A,N/A
Cal Poly,BW,31,8,93.2,103.1,0.24,45.8,50.4,20.9,18.6,24.5,24.5,31,42.3,46.7,49.3,29.3,34.9,63.9,-18.5,N/A,N/A
New Mexico St.,WAC,21,9,103.7,106.4,0.4264,50.2,53.7,18.3,19.1,27,26.5,34.7,37,48.8,52.5,35.1,36.8,69,-8.9,N/A,N/A
Wyoming,MWC,30,9,106.7,105.3,0.536,51.6,53.4,18.2,16.4,24.2,25.3,33.4,28.9,51.3,52.6,34.7,36.4,65.5,-11.7,N/A,N/A
Pepperdine,WCC,29,9,104.1,105.8,0.4555,52,52.5,18.3,16.6,25.9,30.5,26.8,32.6,51.6,51.6,35.1,36.2,72.1,-13,N/A,N/A
Minnesota,B10,31,9,102.3,104.9,0.426,49,50.5,19.6,14.8,25,30.8,30.8,24.8,49.2,49.1,32.5,35.9,65.6,-9.8,N/A,N/A
Rhode Island,A10,31,9,97.1,102.7,0.3421,44.2,49.1,20.4,17.2,31.6,29.5,37,31.7,43.6,49.6,30.4,32.1,67.1,-15.9,N/A,N/A
Central Arkansas,ASun,30,9,97.7,112,0.1716,47.1,54.7,18.1,16.7,27.9,30.5,24.3,28.9,46.8,54.8,31.6,36.3,72.2,-15.9,N/A,N/A
Austin Peay,ASun,28,9,95.7,110.5,0.1614,46.3,54.7,17.4,19.5,26,31.9,26.1,37,46,56.4,31.2,34.4,64.7,-16,N/A,N/A
Eastern Illinois,OVC,29,9,92.9,111.2,0.1131,48,52.2,19.2,19.7,25.3,32.2,32.4,32.5,47.7,52.4,32.6,34.6,67.9,-18,N/A,N/A
Lamar,Slnd,28,9,94.1,114.5,0.0955,47.6,53,21.2,17.1,31.9,33.5,32.2,30.8,47.5,54.5,31.9,34.1,65.7,-18.5,N/A,N/A
Florida St.,ACC,32,9,104,106.6,0.4299,49.3,53.1,17.6,17.1,25.9,31.5,30.4,30.9,49.2,50.8,33,37.6,68.7,-11.9,N/A,N/A
Nebraska Omaha,Sum,31,9,98.6,112.2,0.1847,48.5,53.2,18.5,15.8,24.2,28.9,29.6,33.4,47.7,52,33.7,36.5,67.8,-16,N/A,N/A
Coppin St.,MEAC,32,9,97.8,114.7,0.1377,51,53.2,20.1,18.5,18.6,35.7,37.2,34.2,51.4,55,33.7,33.8,71.8,-16.4,N/A,N/A
Dartmouth,Ivy,26,10,99.3,106.8,0.3011,50,51.3,20.2,16.5,23.5,26.2,29.1,31.7,50.8,51.6,32.6,34,68.6,-12.9,N/A,N/A
UC San Diego,BW,28,10,102.9,108.1,0.3615,49.6,51.8,17.9,16.5,23.2,29.3,26.1,27.9,49.6,49.7,33,37.1,65.9,-14.3,N/A,N/A
Canisius,MAAC,29,10,101.1,107.4,0.3348,48.6,52.8,17.5,18.7,28.4,29.9,24.9,27.7,47.4,52,33.6,36.4,67.5,-15,N/A,N/A
Northeastern,CAA,30,10,97,107.9,0.2281,47.9,50.1,21.3,14.5,31.7,26.9,27.7,31.7,46.8,49.2,33.2,34.9,66.8,-14.4,N/A,N/A
Loyola Chicago,A10,31,10,101.7,106.3,0.3745,52.9,51.6,22.1,17.9,24.5,28.5,31.1,37.5,54.8,51.7,33.4,34.4,66,-13.9,N/A,N/A
Georgia St.,SB,28,10,97.1,107.4,0.2376,45.6,50.7,19.5,17.5,30.1,29.5,33.5,35.4,46.5,48.6,29,36.5,66.8,-15.7,N/A,N/A
Charleston Southern,BSth,29,10,103.7,115.2,0.23,50.3,54.3,18.1,16.7,32.2,31,27.4,36.6,49.7,54.3,34.1,36.2,65.5,-16.1,N/A,N/A
Arkansas Pine Bluff,SWAC,27,10,94.1,107,0.1858,45.2,51.4,21.6,21.4,26.6,29,33.8,43.2,44,51.1,31.1,34.5,69.6,-15.4,N/A,N/A
Little Rock,OVC,29,10,100.7,115.4,0.1728,49.2,56.1,18,19.2,29.3,30.4,31.9,37,49.4,54.1,32.5,39.5,70.8,-16.7,N/A,N/A
Central Michigan,MAC,29,10,92,108.1,0.1355,46.5,51.9,22.9,19.2,30.5,32.5,36.9,41,47.4,50.9,30,35.6,67.2,-15.3,N/A,N/A
SMU,Amer,32,10,103.2,102.5,0.5206,47.4,51.8,18,18.7,28.1,30.5,33,32.8,47.8,51.4,31.1,34.9,69.3,-10.5,N/A,N/A
UTSA,CUSA,30,10,102.1,109.5,0.3075,47.4,52.5,19.5,15.4,28.5,31.2,37.4,30.6,45.3,51.9,33.8,35.6,69,-14,N/A,N/A
Idaho,BSky,30,10,100.6,112.7,0.2143,52,54.3,17.2,16.1,19.6,27.8,35.8,31.6,54.2,52.6,32,38.7,65.8,-17.6,N/A,N/A
The Citadel,SC,31,10,96.4,111.7,0.1544,49.3,52.4,18.2,16.9,20.8,31.7,28.9,33.9,49.6,53.5,32.5,33.9,67.1,-16.2,N/A,N/A
Holy Cross,Pat,30,10,93.5,110,0.133,48.5,51.8,17.5,17.4,21.5,30.1,25.5,27.8,46.5,53.9,35.3,31.9,68.9,-18.2,N/A,N/A
Central Connecticut,NEC,32,10,96.4,113.5,0.1322,48.1,51.3,17.9,16.4,28.5,28.2,23.3,26.5,47.5,50.2,32.7,35.4,64.3,-18.5,N/A,N/A
Houston Christian,Slnd,29,10,100.5,120.2,0.1142,51.4,57.5,21.1,16.7,28,31.6,40.6,33.3,49.5,57.9,36.1,37.8,70.6,-17.9,N/A,N/A
DePaul,BE,33,10,106.7,104.3,0.5658,49.7,51.6,18.2,17.7,25.8,34.1,27.6,35.7,46.3,51.1,36.8,35,68.7,-8.8,N/A,N/A
Fresno St.,MWC,30,11,103.2,100.2,0.5827,49.3,51.2,18.1,19.7,24.9,28.2,24.3,32.1,51.1,48.3,31.1,37.3,64,-10.2,N/A,N/A
San Diego,WCC,29,11,108.9,112.7,0.4022,51.1,58.2,16,17.3,27.9,29.7,30.9,33.4,50.4,55.9,34.8,41,68.6,-12.1,N/A,N/A
Bowling Green,MAC,29,11,102.3,111.7,0.266,50.5,54.1,17.5,16.3,29.8,28,32.5,33.6,50.4,53.8,33.8,36.4,69.5,-15.3,N/A,N/A
Coastal Carolina,SB,28,11,103.2,114,0.2411,47.5,53.1,17.8,15.5,30.3,30.7,28.9,29.3,48.4,51.3,30.6,36.7,67.9,-14.8,N/A,N/A
Chicago St.,ind,27,11,101.3,113.1,0.2198,48.8,53.3,21.3,16.7,33.5,33.2,31.9,35.9,48.4,53.1,32.9,35.7,64.8,-12.9,N/A,N/A
Notre Dame,ACC,32,11,108.5,105.8,0.5743,52,52.1,13.4,13.6,19.6,26.5,23.3,26.5,50.6,52.4,35.8,34.3,64.7,-11.6,N/A,N/A
South Carolina,SEC,32,11,102.9,106.2,0.4086,46.9,52.6,19.9,15.9,32.7,32.5,26.8,29.4,45.8,53.7,32.3,33.8,64.2,-9.7,N/A,N/A
Oregon St.,P12,31,11,98.5,101.9,0.4038,46.5,49.6,20.8,18.2,25.3,30.6,33.9,33.9,45.7,49.1,31.9,33.7,63.5,-9.3,N/A,N/A
UT Arlington,WAC,29,11,99.4,104.2,0.3683,45.9,51.9,21.1,20.1,32.7,30.8,29.7,39.5,44.9,49.6,31.9,37.1,65.7,-13.4,N/A,N/A
Idaho St.,BSky,30,11,101.1,107.6,0.3298,50.8,51.4,17.2,17.8,24.6,27.2,28.9,35.5,51.3,52.6,33.3,32.5,65.1,-15.5,N/A,N/A
Louisiana Monroe,SB,29,11,96.9,105.5,0.2741,45.2,51.7,18.7,17.6,27.3,29.9,30,28.6,41.6,50.3,34.2,36,66,-13.8,N/A,N/A
Valparaiso,MVC,31,11,97,107,0.2436,49,51.5,18.1,15.6,22.5,24.5,27.9,31.8,51.9,51.6,29.2,34.3,67.9,-15,N/A,N/A
Illinois St.,MVC,32,11,98.9,109.5,0.2371,50.2,51.8,21.8,16.7,28.2,26.7,31.3,34,50,52.6,33.6,33.7,64.9,-16,N/A,N/A
UMKC,Sum,30,11,93.9,108.4,0.1612,43.4,50.1,19.9,17.3,35.9,29.4,33.3,39.4,44.7,48.9,27.3,34.6,63.8,-15.4,N/A,N/A
Lindenwood,OVC,29,11,95.2,112.3,0.13,48.8,52.4,19.5,17.8,23,31,28.3,31.1,45.7,52,36.2,35.2,67,-16.6,N/A,N/A
Cal St. Bakersfield,BW,31,11,94.1,104.3,0.2331,44.6,51.1,19.8,20.5,27.2,28.4,29.4,43.6,43.7,50.2,31.5,34.9,62.9,-15.9,N/A,N/A
Stony Brook,CAA,31,11,94.6,109.9,0.1525,47.5,50.3,19.6,14,21.9,27.4,29.4,26.2,48.1,50,31.1,33.8,63.8,-16.1,N/A,N/A
Lafayette,Pat,34,11,94.7,102.4,0.2879,48.7,50.8,17.9,18.2,23.8,25.3,24.5,29.4,48.4,50.6,32.7,34.1,62.9,-16.6,N/A,N/A
McNeese St.,Slnd,33,11,98.3,113,0.1674,49,55,21.6,18.4,33.3,30.9,29.2,34.9,49.2,52.1,32.4,39.7,66.1,-16.7,N/A,N/A
Manhattan,MAAC,29,12,96.4,108.7,0.2013,49.2,51.3,19.8,20.5,26.6,34.2,31.5,30.5,49.1,49.1,32.9,36.8,66.9,-13.6,N/A,N/A
Portland St.,BSky,29,12,102.4,107.5,0.3638,49.6,55,16.8,21.3,24,31.4,34.8,46.6,49.7,55,33,36.8,72.3,-12.9,N/A,N/A
South Dakota,Sum,29,12,101.6,113.3,0.2226,50.1,52.7,17.3,14.4,24.9,27.1,28.1,31.8,45.5,51.8,37.9,36.1,65.8,-13.9,N/A,N/A
Incarnate Word,Slnd,28,12,96.1,111.2,0.158,48.5,54.4,20,20.5,26.3,33.2,33.3,32.7,47.3,53.9,34.1,36.8,66.8,-15.5,N/A,N/A
Northern Colorado,BSky,31,12,105.8,110.9,0.3693,52.4,53.1,17.5,14,24.3,27,31.4,31.7,51,54.5,36.4,33.4,69.5,-12.9,N/A,N/A
East Tennessee St.,SC,30,12,100.2,107,0.3197,50.5,50.8,19.5,17.5,29.9,28.9,31.2,26.9,51.8,51.8,32.1,32.9,65.8,-15.3,N/A,N/A
Miami OH,MAC,29,12,102.2,110.9,0.2801,52,53.8,19.6,17.8,26.6,32.6,32.1,37.1,53.8,54.1,32.9,35.4,66.7,-14.4,N/A,N/A
Illinois Chicago,MVC,31,12,98,107.4,0.2578,48.7,51.2,18.3,19.6,22.7,30.3,34.1,33,47.9,51.1,33.2,34.3,68.9,-14.2,N/A,N/A
Bucknell,Pat,31,12,98.7,108.8,0.2458,51.3,51.2,20.2,15.4,25.4,25,26.9,27.7,51.1,49.4,34.5,36.4,66.6,-16.1,N/A,N/A
New Orleans,Slnd,30,12,97.9,111.8,0.1783,52.7,54.1,23.6,20.2,29.8,32.7,36.5,39.9,51.1,54.1,37.9,36.2,71,-15.7,N/A,N/A
Bethune Cookman,SWAC,30,12,96.1,114.5,0.118,46.6,52.7,18.3,19.3,26.9,34.7,32.1,35.2,43.1,52.1,35.8,35.8,68.7,-15.8,N/A,N/A
Mississippi,SEC,33,12,106.2,100.8,0.6459,47.5,49.5,18.3,18,33.3,29.9,29.2,30.3,48.6,48.9,30.3,33.8,66,-8.5,N/A,N/A
Northern Arizona,BSky,33,12,106.8,110.3,0.4093,50.5,55.3,15.9,17.2,26.9,25.7,27.4,38.7,48.6,55.7,35.7,36.5,66.7,-15.1,N/A,N/A
Jacksonville,ASun,26,13,99.9,104.2,0.3819,50.6,49.8,19.1,14.3,23.9,25.7,22.8,27,51,51.4,33.3,32.1,60.9,-10.2,N/A,N/A
Abilene Christian,WAC,26,13,104.5,106.5,0.4435,49.2,56.5,17.3,23.3,25.5,28.6,32.3,45.6,48.1,56.2,34.3,38.1,69,-10.2,N/A,N/A
Maine,AE,28,13,97.8,107.4,0.2534,51.1,53.4,18.7,20.3,22.9,30,23,28.7,51.5,54.4,33.5,34.6,65.6,-11.8,N/A,N/A
Jacksonville St.,ASun,28,13,101.5,106.2,0.3716,50.5,52.5,20.2,16.5,29.4,24.1,31.8,29.5,47.9,52.7,36,34.9,65.3,-11.6,N/A,N/A
Fairfield,MAAC,30,13,98,106.2,0.2852,46,49.3,18.2,17.8,28.6,29.5,37.9,28.1,47.8,51.7,28.6,29.3,64.9,-13.1,N/A,N/A
Binghamton,AE,29,13,98.1,109.5,0.2209,49.5,50.5,19.4,15.1,28.7,27.3,28.2,35.4,50,50.8,32.4,33.2,65.9,-13.3,N/A,N/A
St. Francis PA,NEC,29,13,100.7,115.1,0.1775,51.9,51.9,18.3,14.7,25.3,28.9,32.8,29.9,50.4,52.7,36.4,33.7,68.3,-14.3,N/A,N/A
Northern Illinois,MAC,30,13,99.7,106,0.3307,52.2,50.7,20.3,18.6,25,32.8,34.3,35.8,52.1,51.7,34.9,32.7,68.9,-12.4,N/A,N/A
Prairie View A&M,SWAC,30,13,93.7,102,0.2739,44.8,48.2,19.6,21.2,31.7,28.7,33,41.8,44,47.3,30.9,33.3,67.5,-13.9,N/A,N/A
Oakland,Horz,31,13,102.2,111.8,0.2621,49.2,54.8,15.1,18.7,24.2,32.7,31.6,22.5,51.3,53.9,30.6,37.5,68.4,-12.9,N/A,N/A
North Carolina A&T,CAA,29,13,96.9,110.5,0.18,47.4,50.6,17.5,15.7,24.6,30.2,30,28.5,46.2,51,32.9,33.2,69.9,-13.3,N/A,N/A
Mount St. Mary's,MAAC,32,13,97.5,104.5,0.3116,48.6,48.9,20.8,17.9,27.8,29.9,26,29.2,45.8,48,36,33.7,65.7,-14.4,N/A,N/A
North Dakota,Sum,31,13,102.8,111.8,0.2762,51,53.5,16.7,15.5,25.7,27.4,27.3,28,50.6,53,34.4,36.4,66.9,-14.6,N/A,N/A
Marist,MAAC,33,13,97.2,105.8,0.2752,47.9,47.9,18.1,16.8,25.9,28.9,28.9,28.4,46.9,45.1,32.8,35,65.4,-15.9,N/A,N/A
Arkansas St.,SB,30,13,99.3,109,0.2535,47.6,50.3,18.1,16.6,28.8,28,35.1,34.8,45.5,48,34.6,36.4,63.1,-14.6,N/A,N/A
William & Mary,CAA,31,13,99,111.6,0.2002,49.4,53.9,18.8,17,27.4,29.9,29.2,27.4,46.3,54.3,36.3,35.5,65,-14.4,N/A,N/A
Texas A&M Commerce,Slnd,32,13,100,113,0.1968,52.4,52.8,18.9,17.7,26.5,29.9,28.3,37.9,56.2,53.1,31.9,34.8,65.4,-15.4,N/A,N/A
Loyola MD,Pat,31,13,98.7,111.7,0.1952,51.3,55.5,20.4,20.2,26.6,28.7,28.2,29.8,50,55.3,35.6,37.1,65.8,-15.4,N/A,N/A
Brown,Ivy,27,14,100.1,99.7,0.5129,50.7,51.2,19,19.7,23.4,23.7,29.8,26.9,49.8,50.4,34.7,35,69.3,-7.2,N/A,N/A
Harvard,Ivy,26,14,99.5,100.3,0.477,49.5,48.8,19.8,18.4,30.3,24.3,31.2,25,52.1,50,30,31.2,65.9,-8.5,N/A,N/A
Morgan St.,MEAC,26,14,92.7,105.6,0.1814,47.1,50.8,22,23.8,30.2,37.3,30.9,42.9,44.4,52.4,35.5,31.8,70.3,-10.9,N/A,N/A
St. Francis NY,NEC,28,14,91,109.3,0.1084,45.9,50.5,21.1,19.6,30.9,31.8,31.1,31.6,41.6,47.1,36.5,39.7,65.7,-13,N/A,N/A
North Florida,ASun,29,14,108.3,113.1,0.3785,53.3,52.4,17.3,14,26.2,32.9,28.4,23.5,52.1,52.1,36.4,35.5,67.9,-10.2,N/A,N/A
High Point,BSth,29,14,99.6,110.3,0.2379,50.2,50.7,19.6,16.3,30.8,32,38.7,35.3,51.4,52,32.3,32.5,71.4,-12.9,N/A,N/A
Stonehill,NEC,30,14,94.4,107.6,0.1809,50.9,50.2,19.7,19.8,19.1,31.4,32.2,27.3,49.9,49,34.8,34.6,66.6,-12.6,N/A,N/A
Butler,BE,32,14,100.6,96.7,0.613,49.5,50.1,17.6,18.6,20,30.3,25.9,22.6,49.7,51,32.7,32.1,65.6,-4.4,N/A,N/A
Air Force,MWC,32,14,105.4,102.9,0.5665,54.2,49.3,19,17.1,22.3,28.6,31.2,35.2,54.8,51.9,35.6,29.3,63,-9.4,N/A,N/A
South Florida,Amer,32,14,105.2,103,0.5608,50.8,49.8,19.6,18.7,33,27.8,30.7,37.1,51,48.2,33.6,34.9,68.2,-9.2,N/A,N/A
UTEP,CUSA,30,14,99.7,99.3,0.5111,48.6,51.1,22.9,22.9,33.3,29.7,38.8,37.3,50.7,51.8,29.1,33.2,66.7,-10,N/A,N/A
St. Bonaventure,A10,32,14,100.1,101.6,0.4574,49.2,48.6,18.8,19.4,27.5,29.2,29.5,40.9,47.5,52.1,34.8,28.7,65.5,-11.8,N/A,N/A
FIU,CUSA,30,14,102.8,104.9,0.4418,52.1,52.1,20.6,22.8,25.5,36.7,28.7,30.6,53.8,50.4,32.8,36.5,69.9,-10.4,N/A,N/A
Northern Iowa,MVC,31,14,102.5,106.4,0.3957,51.3,53.8,17.7,18.2,22.6,22.4,31.1,26.5,51.7,53.6,33.7,36,67.3,-11.8,N/A,N/A
Sacramento St.,BSky,30,14,101.4,108.7,0.3093,50.8,52.2,20.8,14.5,32.9,24,27.5,25.8,50,51.6,34.9,35.7,62.2,-11.7,N/A,N/A
Saint Peter's,MAAC,31,14,96.1,107.8,0.2107,43.9,49.5,19.5,19.7,36.4,30.6,28.4,51.4,44.1,48.4,29,34.3,63,-13.2,N/A,N/A
Mercer,SC,31,14,98.8,102.2,0.403,48.9,48.8,18.2,17.4,30.4,27.6,28.6,35.9,48.8,48.4,32.7,33,64.4,-14,N/A,N/A
Stanford,P12,33,14,114.4,102.9,0.7722,52.4,51.5,18.9,18.3,31.2,26.4,29.4,28.6,51.1,50.4,36.3,35.4,65.7,-6.2,N/A,N/A
Utah Tech,WAC,30,14,107.7,104.9,0.5748,53.2,53.8,21.4,20,28.7,26.8,44.8,35,50.9,53.3,37.6,36.5,68.6,-11,N/A,N/A
LSU,SEC,33,14,105.9,104.2,0.5459,47.3,51.8,18.4,17.5,31.7,28.8,33.7,30.3,46.2,52.1,32.7,34.3,65.8,-7.3,N/A,N/A
Portland,WCC,31,14,109.7,108.2,0.5398,53.8,54.5,18,16.9,24.1,30.2,43.3,27.7,51.8,53.2,37.4,37.4,69.2,-9.3,N/A,N/A
Detroit,Horz,32,14,109.2,113.2,0.3964,51.4,53.6,17.6,17.1,35.8,29.7,27.2,28.9,46.4,52.6,38.7,36.8,67,-13,N/A,N/A
Jackson St.,SWAC,33,14,98.1,109.8,0.2139,47.5,52.5,22,19.1,32.9,29.1,32.9,34,47.1,52.1,32.1,35.4,68,-12.2,N/A,N/A
Wagner,NEC,26,15,93,104.3,0.2117,44.9,49.1,19.1,20.9,34.4,24.8,25.2,47,44.7,50.2,30.2,31.5,62.1,-10.3,N/A,N/A
New Hampshire,AE,28,15,96.6,105.8,0.2597,45.8,49.1,15,16.2,26,27.4,29.6,30.2,42.8,50,33.4,31.5,64,-10.6,N/A,N/A
Gardner Webb,BSth,29,15,98.2,100.8,0.424,50.7,49.1,19.5,20.3,28.5,25.1,34.8,39.6,51.5,47.4,32.8,34.7,66.1,-11.4,N/A,N/A
Massachusetts,A10,31,15,99.3,102.7,0.4053,46.4,50.2,20.2,19.2,34.5,27.9,32.2,32.4,45.2,50.5,32.8,33.1,70.5,-9.3,N/A,N/A
Oklahoma,B12,32,15,109.6,96.3,0.8172,52.4,48,20,15.5,23.7,27.2,30.1,30.1,52.2,48.5,35.1,31.2,65,-1.7,N/A,N/A
Buffalo,MAC,30,15,103.1,104.8,0.4533,49.5,52.5,19.2,18.3,32.2,29.1,32.1,36.4,50.9,52.3,31.2,35.3,72.2,-9.4,N/A,N/A
Winthrop,BSth,30,15,107.4,114.4,0.3279,55.1,54.8,20.6,17.4,25.9,34.2,41.6,31,53.8,55.5,37.9,35.8,66.8,-11.3,N/A,N/A
UT Rio Grande Valley,WAC,28,15,102.3,110,0.301,51.2,52,22.2,16.9,29,29.5,45.9,38.9,51.7,51.9,33.5,34.8,72.5,-10.4,N/A,N/A
Denver,Sum,30,15,99.9,109,0.2676,52.3,51.7,21.4,15.6,29.8,27.4,39.4,27.7,53.4,52.2,32.9,33.9,68.5,-13,N/A,N/A
Boston University,Pat,31,15,96.3,106.5,0.2393,47,50.5,17.8,18.3,28.7,24.6,29,36.5,45.9,50.3,32.4,33.8,65.4,-12.4,N/A,N/A
Southern,SWAC,30,15,94.4,105,0.2282,48.5,51.4,20.5,23,24.4,28.6,34.5,42.9,48,51.6,32.8,34,70.9,-11.4,N/A,N/A
Colorado St.,MWC,32,15,110.9,104.6,0.6629,54.8,52.2,16.7,17.9,19.6,27.1,29.8,29.6,55.8,51,35.5,35.8,66.2,-6.7,N/A,N/A
Georgia Tech,ACC,31,15,104.7,102.2,0.5687,48.5,50.1,15.6,15.9,27.5,29.9,23.5,30.8,47.4,52,33.4,31,66.5,-8.1,N/A,N/A
Richmond,A10,33,15,102.2,101.8,0.5103,51.2,49.6,17.1,17.1,21,25.4,33,26.2,52.4,49.7,33,32.9,65.2,-10.7,N/A,N/A
Pacific,WCC,31,15,107.2,107,0.5035,52.6,54,16.2,17.9,22.9,31.2,33.1,36.4,49.6,55.1,38.3,34.9,69.6,-10.2,N/A,N/A
Louisiana Tech,CUSA,30,15,104.5,104.6,0.4982,50.9,54,19.9,21.3,30.1,28.1,28.4,38.5,50.3,51.1,34.5,38.5,66.5,-9.3,N/A,N/A
Bellarmine,ASun,30,15,101.8,109,0.3125,51.7,54.7,18.2,17.7,20.6,28.1,25.4,31.8,53.9,55,32.6,36.3,61.9,-10.2,N/A,N/A
Alabama A&M,SWAC,30,15,95.8,107.4,0.2121,48.6,49.4,21.4,21.4,29.5,33.9,35.9,41.8,46.9,48.5,34.7,33.8,68.3,-14.1,N/A,N/A
La Salle,A10,34,15,103.3,106.7,0.4086,48.5,51,18.1,17.9,30.5,30.5,28.3,31.6,46.9,50.6,34.2,34.5,67.7,-11.6,N/A,N/A
Rider,MAAC,29,16,104.6,108.6,0.3931,49.5,50.3,17.8,16.5,33.8,28.3,29.3,38.6,49.4,47.5,33.3,36.2,65,-9.4,N/A,N/A
Lehigh,Pat,28,16,96.7,106.4,0.2499,49.8,50.3,17.4,16.6,18.8,26.7,31.1,28.5,48.4,50.9,35,32.8,69.4,-10,N/A,N/A
Western Illinois,Sum,27,16,100.4,111.8,0.2252,50.1,53.4,15.1,16.4,26.9,26.7,31.4,27.4,51.8,54.6,31.5,33.9,66.6,-10.2,N/A,N/A
Niagara,MAAC,30,16,100.3,107.7,0.3074,50.3,49.8,18.5,16.9,26.5,28.6,30,33.5,50.1,48,33.8,36,62.9,-10.1,N/A,N/A
Nicholls St.,Slnd,27,16,98.2,107.1,0.27,50.3,52.5,18.5,23.7,29.3,33.7,27.6,47.6,50.5,51.4,33.3,36.2,70.4,-9.7,N/A,N/A
Texas Tech,B12,32,16,110.7,97.4,0.8134,52.3,48.9,19.9,19.9,32.1,30.1,34.8,28.4,52.6,49.1,34.5,32.4,67.3,-2.5,N/A,N/A
Nebraska,B10,32,16,106,98.4,0.703,51.7,49.9,18.6,17.7,24.7,28.3,28.2,21.9,53.4,49,32.6,34.1,66.8,-2.1,N/A,N/A
Temple,Amer,32,16,107.6,101.1,0.67,49.7,48.7,19.8,16.5,28.7,29,34.6,31.5,49.9,47.9,33,33.6,65.9,-5.6,N/A,N/A
Washington,P12,32,16,103.9,98.3,0.6549,48.8,47.1,19.9,18.4,26.4,34.6,31.7,25.4,50,48.6,31.3,29.7,69.1,-3.8,N/A,N/A
Davidson,A10,31,16,107,103.8,0.5867,50.1,50.8,16.2,17.3,24.9,27.8,32.8,26.7,51.3,51.5,31.9,33,65.2,-8.4,N/A,N/A
Appalachian St.,SB,29,16,101.3,100.2,0.532,48.7,47.9,16.3,17.1,24.5,28.8,29.3,24.8,48.3,46.5,32.9,33.4,65,-10.1,N/A,N/A
Georgia,SEC,32,16,103.3,102.6,0.5201,47.1,49.8,19.3,16.8,30.5,30.5,40.5,28.9,46.8,51,31.7,31.9,67.6,-5.5,N/A,N/A
George Washington,A10,31,16,108.9,110.9,0.449,53,52,17.6,15.5,26.5,29.7,34.5,27.7,56,51.7,32.1,34.9,68.7,-10.3,N/A,N/A
USC Upstate,BSth,30,16,98.2,104.5,0.3287,50.7,50.1,19.2,20.5,24.6,32.2,31.4,42.8,51.3,49.3,33,34.2,67.7,-9.8,N/A,N/A
Florida,SEC,33,16,105.7,96.2,0.7467,49.4,46.3,16.1,17.8,23.8,30.7,34.5,29.2,50.7,45.8,31.4,31.6,69.4,-2.9,N/A,N/A
Boston College,ACC,33,16,102.5,101.7,0.5223,48.7,51.5,18.3,18.3,27.6,28.3,27.3,27.6,49.2,49.1,31.9,36.8,66.5,-6.6,N/A,N/A
Saint Joseph's,A10,33,16,103.9,104.5,0.4828,50.2,50.5,18.2,18.9,28.9,30.7,34.2,32.8,50.9,50.1,32.9,34.1,69.1,-10,N/A,N/A
East Carolina,Amer,33,16,101.6,103.1,0.4566,47.1,49.2,19.2,17.4,33,28.9,37.1,33.1,46.9,49.2,31.6,32.9,67.4,-8,N/A,N/A
North Dakota St.,Sum,31,16,102.3,107.3,0.365,51.7,50.8,16.9,12.4,24.4,22.6,32.2,27.1,52.2,50.6,33.9,34.2,68,-10.6,N/A,N/A
Robert Morris,Horz,31,16,97.7,103.5,0.341,49.2,49.6,19.5,19.1,29.7,28.5,26.9,31.1,50.4,47.4,31.4,36.2,66.1,-12.1,N/A,N/A
Tennessee Tech,OVC,30,16,100.7,110.3,0.2588,51.4,51.7,17.8,18,23.8,30.2,29.9,25.8,48.1,52.1,37.3,34,66.2,-12.8,N/A,N/A
Southern Indiana,OVC,30,16,101.1,112.1,0.2337,50.2,51.7,18.2,16.6,32.1,25.9,33.5,39.8,47.1,51,36.3,35.1,69.2,-12.6,N/A,N/A
Sacred Heart,NEC,32,16,95.4,110.5,0.1549,48.4,50.2,18.8,19.4,28.8,30.8,27.6,26.5,49.8,49.7,30.6,34.1,69.8,-13.6,N/A,N/A
Campbell,BSth,32,16,104.6,108.7,0.3892,52.7,52.5,18.1,18.4,24.4,27.8,38,32.1,54.7,53.2,32.9,34.4,64.1,-13.3,N/A,N/A
Ohio St.,B10,35,16,115.8,100.7,0.8322,52,48.9,16.1,15.9,31.5,28.6,26.6,28.1,50.6,49.3,36.8,32.1,66,-3.1,N/A,N/A
Texas St.,SB,32,16,104.6,106.2,0.454,48.2,50.9,17.9,18.6,31.6,28.5,32.5,41.7,48.6,49,31.4,36.4,63.5,-12.1,N/A,N/A
Cornell,Ivy,26,17,109.8,109.4,0.5099,54.8,55.7,16.7,21.9,28.8,29,28.5,30.9,57.5,56.6,34.5,36.2,71,-5.4,N/A,N/A
Penn,Ivy,29,17,109.9,104.9,0.6313,53.3,49.3,18.9,14.9,30.1,27.9,29.5,31.2,52.7,49.1,36.2,33,66.9,-6,N/A,N/A
Bryant,AE,28,17,102.8,106.4,0.4037,52,50,18.7,15.8,29,25.2,32.9,31.9,53.4,49.3,33.3,34.1,72,-7.9,N/A,N/A
Montana,BSky,30,17,107.8,107.5,0.5077,53.8,51.2,17.3,15.9,24.4,25.1,29.1,37.9,52.4,52.5,37.3,32.5,63.5,-7.9,N/A,N/A
Stetson,ASun,29,17,111.5,112.2,0.4828,53.5,52.9,15.9,14.3,29.4,28.1,25.8,30,50.8,52.7,38,35.4,64.5,-7,N/A,N/A
Utah,P12,32,17,106.7,95,0.7908,48.9,45,18,15.2,31.3,27.4,29.2,24.4,48.4,44.9,33.3,30.2,66,-3.3,N/A,N/A
Wichita St.,Amer,32,17,108.1,98.7,0.7395,50.7,47.5,18.2,16.9,29.1,28.2,30.8,25.9,53.3,45.4,30.9,33.6,66,-5.5,N/A,N/A
Syracuse,ACC,32,17,109,105.7,0.5863,51.6,51.2,17,18.7,30,33.6,30.7,21.7,50.5,50.9,36.1,34.4,67.2,-5.7,N/A,N/A
Missouri St.,MVC,31,17,103.8,102.2,0.5451,50.1,49.3,19.1,18.6,33.2,26.9,27.2,30.4,50.9,49.5,32.8,32.6,61.9,-8.1,N/A,N/A
Drexel,CAA,31,17,100,101.1,0.4685,49.4,47.4,17.9,18,29.4,27.4,30.1,24.2,50.6,46.2,31.8,33.5,63.4,-10.3,N/A,N/A
Florida Gulf Coast,ASun,31,17,103.6,105.9,0.4376,51.2,50.7,17.1,17.3,26.6,28.8,28.2,28.1,50.1,51.1,35.1,33.4,66.2,-8.7,N/A,N/A
Siena,MAAC,32,17,100.2,104.2,0.3903,49.3,49.6,19.5,18.5,30.5,26.8,34.5,33,47.8,49.4,34.9,33.5,66.7,-10.5,N/A,N/A
Murray St.,MVC,31,17,104.8,109.4,0.3776,49,51.9,16.2,15.6,27.4,27.3,33.2,24.4,49.1,53.2,32.6,33.4,66.6,-8.1,N/A,N/A
Fort Wayne,Horz,30,17,99.5,105.5,0.3379,50.5,51.9,18.9,17.7,27.1,26.1,28.7,23,50.8,55.2,33.5,31.2,68.9,-10.2,N/A,N/A
American,Pat,32,17,100.1,109.7,0.2579,54.4,51.8,22,19.2,28.3,27.9,27.9,32.1,55.8,48.7,34.6,38.5,62.4,-11.4,N/A,N/A
Seton Hall,BE,32,17,106.2,93.7,0.8082,49,47.6,20.1,21.1,30.5,30,40.1,30.9,49,47.7,32.8,31.6,66.4,-2,N/A,N/A
Long Beach St.,BW,31,17,104.8,103.7,0.5315,48.4,49.8,18.7,18.2,34.6,28,34.4,30,49.4,48.8,30.2,34.2,72.9,-8.7,N/A,N/A
Cal Baptist,WAC,31,17,102.4,101.7,0.5195,49,47.6,18.1,16,28.9,26.1,31.6,29.3,49.2,49,32.5,29.7,64,-9.8,N/A,N/A
Western Kentucky,CUSA,31,17,103.2,104,0.479,49.6,50.7,17.1,18,25.9,31,32.3,25.6,48.5,48,34.4,36.2,67.3,-7.8,N/A,N/A
Georgia Southern,SB,30,17,99.5,101.1,0.455,48.2,49.5,16.3,18.3,25.8,27.3,27.9,34.6,48.4,49.4,31.8,33.2,66.5,-10,N/A,N/A
Delaware,CAA,32,17,101.9,107,0.3637,49.6,51.8,16.5,18.6,25,29.8,33,29.4,50.5,50.1,32,36.6,67,-9.8,N/A,N/A
Wofford,SC,30,17,107.8,113.8,0.3511,52.4,54.8,16.3,16.6,28.6,28.7,30,26.4,55.1,56.1,32.1,35.3,65,-10,N/A,N/A
Army,Pat,31,17,102.1,107.7,0.3508,53.8,51.4,19.1,15.6,25.4,24.2,31.3,28.5,54.7,52.4,34.9,33.1,68.5,-12.5,N/A,N/A
Washington St.,P12,34,17,111.3,98,0.8115,50.4,49.8,18.5,16.6,31.5,26.1,28.2,28.4,46.3,50.5,37.3,32.2,64.2,-3,N/A,N/A
Villanova,BE,34,17,112.3,99.3,0.8047,51.5,50.7,15.5,17.3,22.6,25.2,30,27.7,52.8,50.7,33.4,33.8,63.7,-2.2,N/A,N/A
Tarleton St.,WAC,30,17,104,100.4,0.5997,47.6,53.3,18.3,24.2,26,30,47.6,46.2,46.5,52.2,33.9,36.6,66.4,-7.7,N/A,N/A
North Carolina Central,MEAC,26,18,99.9,100,0.4986,50.9,48.9,22.6,21.6,32.3,29.6,34.2,35.5,50.1,49.9,35,31.3,67.7,-7.5,N/A,N/A
Navy,Pat,30,18,101.3,103.2,0.4476,51.5,50.4,17.3,19.5,29.9,28,23.7,30,49.3,49.8,36.9,34.2,64.4,-8.6,N/A,N/A
Maryland Eastern Shore,MEAC,27,18,92.3,100.4,0.276,47.6,50.6,21.1,24.9,27.1,31.7,31.4,34.4,46.8,51.4,32.6,32.9,69.3,-7.8,N/A,N/A
UC Davis,BW,30,18,102.8,102.8,0.5004,49.8,50.7,20.6,20.8,32.2,28.6,42.8,31.5,49.6,48.9,33.5,36.7,70.5,-8.4,N/A,N/A
UMBC,AE,31,18,103.9,110.9,0.3217,51.3,52.9,14.8,16.9,26.4,26.8,27,25.6,51.8,50.6,33.8,37.7,67.6,-9.6,N/A,N/A
Alcorn St.,SWAC,32,18,100.2,107.8,0.3009,45.2,51.4,18.3,21,33.7,31.4,35.3,39.3,45.6,52.6,29.6,33.1,67.2,-7.1,N/A,N/A
Southeastern Louisiana,Slnd,29,18,102.6,110.4,0.3008,50.9,54.2,16.9,19.8,27.6,29.9,32.1,33.4,49.1,52.1,36.4,38.2,68.7,-9.3,N/A,N/A
Tennessee St.,OVC,28,18,100.3,109.5,0.2663,50.9,49.9,17.3,18.5,26.9,28.2,35.1,42.4,49.6,49.5,35.1,33.8,70.4,-11.5,N/A,N/A
St. John's,BE,33,18,107.9,97.7,0.7568,49.4,50.2,18.7,19.7,34,27.6,27.7,29.6,49.3,49.2,33.1,34.5,73.4,-2.6,N/A,N/A
Wright St.,Horz,31,18,103.4,105.4,0.4449,53.5,50.3,17.3,17.2,26.2,26.6,24,27.6,53.9,51.2,35.1,32.6,71.2,-11,N/A,N/A
Weber St.,BSky,31,18,99,101.1,0.4405,50.8,52.8,19.2,19.3,21,22.4,33.7,31.7,51.8,51.1,32.8,36.8,65,-8.4,N/A,N/A
Queens,ASun,30,18,105.7,108.3,0.4299,51.2,53,17.6,15.7,29.7,26.1,35.9,25.4,50.5,53,34.8,35.3,69.8,-9.4,N/A,N/A
North Alabama,ASun,30,18,102.4,109.3,0.319,50.7,52.1,15.8,15.1,23.1,27.9,30.1,31.8,49.1,49.6,35.8,37.6,68.4,-7.9,N/A,N/A
Michigan,B10,34,18,111.7,97.1,0.8323,51.6,47.9,15.2,14.4,25.7,25.8,30.8,25.8,51,48,35.1,31.7,67.5,-1.8,N/A,N/A
Western Carolina,SC,31,18,101,107.2,0.3359,49.1,51,15.7,15.6,25.5,25.2,33.8,34.1,48.7,51.4,33.1,33.3,67.5,-9.8,N/A,N/A
Merrimack,NEC,32,18,90.5,98.8,0.267,48.3,49.1,20.7,26,20.5,35.6,34.6,26.9,48.2,48.9,32.3,33,66.1,-11.8,N/A,N/A
Colorado,P12,35,18,106.5,95.1,0.7876,49,48,19,19.3,30.8,25.1,29.9,31.4,49.4,47.9,32.2,32.1,69,-3.4,N/A,N/A
Chattanooga,SC,32,18,107.3,107.3,0.5001,54,50.9,17.5,15.3,27.3,26.7,32,30.2,51.8,50.6,37.3,34.2,68,-11.3,N/A,N/A
Loyola Marymount,WCC,30,19,107.7,104.1,0.5981,53.1,51.8,18.3,16.2,30.2,24.6,31.6,34.9,51.9,52,36.5,34.3,67.1,-2.9,N/A,N/A
Old Dominion,SB,30,19,101.2,103.1,0.448,46.4,48.3,17.1,17.7,32.8,29,36.2,34.7,46.1,48.8,31.5,31.7,64.8,-5.9,N/A,N/A
UNLV,MWC,31,19,106.4,99,0.6963,49.2,52.4,17.5,24.7,27.9,31,35.5,31,47.9,50.9,34.1,36.1,69.4,-3.4,N/A,N/A
Stephen F. Austin,WAC,29,19,104,101.8,0.5592,51.5,51.4,21.3,23.8,31.6,32.2,38.9,41.8,49.2,51.7,38,34,69.1,-7,N/A,N/A
South Dakota St.,Sum,31,19,103,105.2,0.4377,51.7,50.9,17.1,17.3,21.5,26,28.1,23.1,51.2,51.7,35.1,33.2,66.7,-6.5,N/A,N/A
Wake Forest,ACC,33,19,111.4,101.5,0.7432,54.2,51.6,17.1,17.3,24.8,26.6,32.1,26.7,54,51,36.4,35,69.4,-3,N/A,N/A
Middle Tennessee,CUSA,31,19,105.8,101.3,0.6224,51.2,51.6,19.3,21.8,31.9,29.2,29.4,34.6,51,50.2,34.3,36.2,66.8,-5.2,N/A,N/A
Ohio,MAC,32,19,109.3,106.8,0.5662,52.4,51.6,16.2,17.6,32.8,28.9,27.5,33.9,50.1,51.9,37.3,34.1,68.1,-7.7,N/A,N/A
St. Thomas,Sum,31,19,106.1,108,0.4497,51.8,51.9,15.1,17.3,24,28.8,30.7,31,51.2,52.6,35.1,33.7,66,-8.8,N/A,N/A
SIU Edwardsville,OVC,30,19,98.8,106.3,0.2999,48.5,49,18.5,19.2,30.6,29.4,40.3,34.6,48.5,48.1,32.3,33.6,69,-10.5,N/A,N/A
Tennessee Martin,OVC,29,19,100.9,110.5,0.2599,50.4,49.6,16.8,16.8,27,29,36.1,34,51.9,50.5,31.9,32.3,71,-10.7,N/A,N/A
Rutgers,B10,34,19,105.4,91,0.8438,47.9,46.6,17.1,21.7,32.1,27.9,28.2,27.4,47.9,47,32.1,30.7,65.8,-1,N/A,N/A
UCF,Amer,34,19,107.7,95.6,0.7988,50.3,48,19.6,21.9,33.6,30.7,28.9,33.4,48.3,49.2,35.3,30.7,64.5,-3.8,N/A,N/A
Virginia Tech,ACC,34,19,114,102.6,0.771,54,50.7,14.7,16.3,25.9,27.7,25.9,25.2,54.3,50.5,35.8,34,66.6,-3.2,N/A,N/A
BYU,WCC,32,19,108.6,98.3,0.7577,51.5,49.5,20.2,18.5,31.8,24.1,32.5,37.8,53.1,48.8,32.7,33.7,69.5,-4.5,N/A,N/A
South Alabama,SB,33,19,108.4,99.5,0.7294,52.8,46.6,14.6,16.1,20.9,28.4,22.3,28.3,53.4,47.9,34.5,29,65.5,-7.9,N/A,N/A
Rice,CUSA,32,19,106.7,110.2,0.4091,53.1,54.7,18,16.1,24.1,26.6,32.5,25.7,53.7,54,34.7,37.3,69.6,-6.8,N/A,N/A
Tulane,Amer,31,20,108.7,102.4,0.6672,52.4,50.4,15.1,19.3,19.3,30.5,35.4,29.6,53.4,48.2,33.8,35.7,72.9,-2.1,N/A,N/A
Quinnipiac,MAAC,31,20,103.5,104.9,0.4608,49.9,48.1,18.1,16.5,32.2,27.6,33,27.1,47.4,48.5,36.1,31.6,69.6,-7.4,N/A,N/A
UNC Greensboro,SC,30,20,103,97.5,0.6547,50.6,47.8,17.8,19.3,29.2,26.5,32.4,31.4,49.3,46.8,35.1,32.8,65.8,-6.2,N/A,N/A
Seattle,WAC,30,20,100,99.4,0.5196,46.3,48.8,16.9,17.8,29.9,26.6,32.4,33.3,46.4,49,30.9,32.3,68.8,-4.9,N/A,N/A
Longwood,BSth,30,20,103.7,103.1,0.5167,50.2,51.2,17.8,21.5,32.1,26.9,33.6,33.5,49.5,50.5,34.3,34.7,65.9,-7.8,N/A,N/A
Ball St.,MAC,30,20,107.2,107.6,0.4898,53,51,17.8,16.7,30.5,28.4,42.3,31.3,51.7,47.7,36.9,38.4,67.2,-6.7,N/A,N/A
North Carolina,ACC,33,20,111.5,96.4,0.8431,49.2,48.7,15.2,14.9,30.4,23.3,37,26.3,50.8,48.4,31.1,33,68.8,-0.7,N/A,N/A
Cal St. Fullerton,BW,31,20,104.1,99.3,0.6336,49.4,48.6,17.4,20.5,25.9,29.4,38.7,33.4,46.5,49.2,36.2,31.7,64.7,-6.1,N/A,N/A
Duquesne,A10,33,20,107.8,103,0.6279,51.1,50.5,17.3,20.8,33.4,33.1,26.4,35.1,48.5,49.4,36.6,35.2,68,-6,N/A,N/A
Troy,SB,30,20,102.8,101.4,0.5396,49.4,48.6,18.7,21.1,30.3,30.1,32.5,34.6,51.2,48.4,31.2,32.7,67.7,-6.1,N/A,N/A
George Mason,A10,33,20,100.7,100,0.5201,51.9,47.9,20.2,16.9,27.9,24.8,37.1,33,51.5,49.4,35,30.1,66.3,-6,N/A,N/A
Lipscomb,ASun,30,20,103.5,103.8,0.4936,53.7,50.2,17.3,15.6,25,24.6,23.6,23.3,53.5,49.4,36,34.3,69.2,-7.4,N/A,N/A
San Francisco,WCC,33,20,109.2,102.2,0.6824,53.6,49.9,19.6,17.6,28.5,26.5,32.2,38.1,52.6,49.4,36.4,33.8,68.6,-3.7,N/A,N/A
Wisconsin,B10,35,20,106.5,94,0.8075,48.3,50.2,13.4,18.3,22.6,24.9,25,27.5,46.3,51.8,34.2,31.6,63.3,-0.5,N/A,N/A
Oklahoma St.,B12,36,20,106.3,92.1,0.838,48.8,45.6,20.6,18.9,32.6,28.2,32.5,30.4,50.3,44.6,31,31.6,67.4,0.1,N/A,N/A
Belmont,MVC,31,21,110.2,106.4,0.5993,55.3,51.1,16.8,17.7,25.4,30,24.3,29.3,53.2,49.8,38.9,35.6,68.3,-5.1,N/A,N/A
Samford,SC,28,21,107.7,105.6,0.556,53.6,51.9,17.9,19.8,28.2,27,41,37.6,52.6,49,36.5,37,67.9,-6.1,N/A,N/A
Saint Louis,A10,32,21,110.8,103.3,0.6929,52.1,48.3,17.3,15.3,29.7,26.5,29.1,32.7,51.8,46.6,35.2,34,69.1,-3.3,N/A,N/A
Towson,CAA,33,21,107.7,103.8,0.6039,51.1,48.6,18.4,17.7,35.7,26.7,29.8,29.5,49,47.7,36.7,33.2,64.6,-6,N/A,N/A
San Jose St.,MWC,34,21,108.4,101.6,0.6772,50.2,48.4,18.7,13.2,34.7,24.6,27.2,28.6,50.8,46.5,32.8,34.5,62.5,-2.1,N/A,N/A
Cleveland St.,Horz,33,21,104,104.2,0.4943,49.4,48.4,17.2,20.4,34.9,35.5,29.7,30.3,50.7,49,30.6,31.6,65.5,-8.3,N/A,N/A
Oregon,P12,36,21,113,97.1,0.8511,51.1,47.1,18.3,16.4,32.5,26.4,32,23.9,53.1,45.1,32,33.7,66.4,-0.3,N/A,N/A
Radford,BSth,34,21,103.6,103.8,0.4937,51.3,52.2,18.3,20.2,30.9,27.9,27.4,32.3,50.3,52.9,35.6,34,64.5,-8.5,N/A,N/A
Yale,Ivy,28,21,107.7,97.8,0.7534,52.8,47,16.5,18.4,28,23.2,30.6,33.9,52.4,45.7,35.8,32.6,66,-2,N/A,N/A
Akron,MAC,31,22,108.6,103,0.6479,51.9,49.7,16.6,17.8,29.8,26.5,33.7,28,51.5,48.1,35,35,65.2,-4.9,N/A,N/A
James Madison,SB,30,22,105.4,100,0.6455,51.5,49.4,18.6,21.4,31.3,27.6,38.9,31.8,51.4,50.7,34.5,31.5,70.4,-4.7,N/A,N/A
Hawaii,BW,32,22,100.5,98.1,0.5705,48.6,44.5,18.6,16.4,29.6,26.5,33.6,27.2,48.2,44.5,32.8,29.5,64.5,-5.7,N/A,N/A
Norfolk St.,MEAC,29,22,104.9,109,0.3921,52.2,50.2,19.8,19,33.4,30.6,39.5,36.3,53.8,48.3,32.7,34.9,65.2,-6,N/A,N/A
Northwestern St.,Slnd,32,22,104,108.7,0.3748,51.3,51,17.3,21,33.3,33.6,27.2,38.7,49.8,51.8,35.8,32.9,66.4,-5.9,N/A,N/A
New Mexico,MWC,33,22,114.4,102.4,0.7813,52.6,50.5,15.6,17.5,27.9,27.3,39.1,28.5,52.4,50.8,35.6,33.4,71.6,-1,N/A,N/A
Dayton,A10,34,22,109.8,97.9,0.7882,53,45,18.8,16.1,30.7,27,35.5,23.9,54.3,45.7,33.8,29.3,62.4,-4.3,N/A,N/A
UC Riverside,BW,33,22,105.9,105.1,0.5219,50.5,51.3,18,17.2,31.8,22.9,26.2,38,48.8,51.5,35.6,34,66.8,-4.7,N/A,N/A
Morehead St.,OVC,30,22,100.4,103.3,0.4206,49,49.8,18.3,15.4,26.6,24.7,34.7,27.5,47,50.7,34.8,31.9,63.5,-6.7,N/A,N/A
Milwaukee,Horz,31,22,101.3,107,0.3471,51.4,48.2,21.3,17.6,32.5,32.8,31.9,29.3,51.5,49,34.2,31.4,71.9,-6.3,N/A,N/A
Charlotte,CUSA,36,22,108,101.5,0.6703,55.1,50.2,17,17.8,22.3,24.4,24.9,24,54,49.7,37.7,33.9,60.3,-6.5,N/A,N/A
Vanderbilt,SEC,37,22,114,102.5,0.7728,49.6,48.6,16,15.3,30.8,31.9,31.6,31.2,49,49.8,33.6,31,66.4,-0.3,N/A,N/A
Santa Clara,WCC,32,23,109.7,99.5,0.7533,52.4,50.8,17.4,16.7,30.2,24.4,30.6,25.4,50.2,48.7,37.5,36,69.8,0.1,N/A,N/A
Southern Illinois,MVC,32,23,99.8,98.2,0.5459,51.7,47.6,19.3,19.6,22.8,27.3,30.6,29.8,54.6,46.7,32.2,33,63.7,-3.5,N/A,N/A
Clemson,ACC,34,23,110.9,97.7,0.8096,54.1,47.3,16.1,16.4,23.4,24.3,30.5,30.7,53.7,45.6,36.4,33.2,68,-0.3,N/A,N/A
Eastern Washington,BSky,33,23,109.9,106.4,0.5913,56.2,50.2,19.9,16.2,28,25.8,31.5,29.4,58.4,50.2,35.5,33.4,68.5,-4.2,N/A,N/A
UC Irvine,BW,33,23,105.9,99.1,0.6841,51.5,45.8,17.5,17.5,27.4,27,29.3,36.9,49.4,44.2,37.2,32.5,69.4,-4.5,N/A,N/A
Cincinnati,Amer,35,23,111.9,97.5,0.8295,51.3,47.7,15.2,16.9,30.8,27.4,25.7,29.1,50.6,48.1,34.9,31.2,68.5,-1.7,N/A,N/A
Indiana St.,MVC,35,23,109.5,101.7,0.7016,56.4,48.2,17,17.2,21.4,22.8,31.5,30.4,58.8,48.6,35.8,31.8,70.5,-6.9,N/A,N/A
Eastern Kentucky,ASun,34,23,104.4,102.8,0.5437,48.6,50.6,16.7,18.6,33.4,29.3,24.3,25.4,48.6,49.7,32.4,34.7,69.8,-6.3,N/A,N/A
Youngstown St.,Horz,32,24,110.1,109.1,0.5274,54.7,51.3,15.6,17.9,30.6,29.2,29.4,26.2,54.9,51.3,36.2,34.1,68,-5.3,N/A,N/A
UNC Wilmington,CAA,32,24,101.5,100.6,0.5252,48.9,49.2,18.6,20.7,27.8,28,39.7,37.6,48.3,51.2,33.3,30.5,65.1,-2.9,N/A,N/A
Southern Utah,WAC,33,24,108.6,103.4,0.6378,52,51.5,18.6,17.5,27.9,26.1,39.5,31.4,51.3,50.3,35.4,35.9,71.6,-3.8,N/A,N/A
Marshall,SB,31,24,109.6,100.6,0.7273,52.6,47.7,15.5,20.1,31.7,32.6,26.2,28,53.9,47.7,33.6,31.9,71.9,-2.8,N/A,N/A
Grambling St.,SWAC,31,24,98.7,99.3,0.4841,50,44.6,21.2,21,31.5,31.6,41.5,41.1,48.8,43.2,35.5,31.2,66,-4.6,N/A,N/A
Hofstra,CAA,34,25,109.9,100.4,0.7389,55.1,46.8,15.9,18.5,23.6,31.7,20.9,25.3,55.1,46.9,36.7,31.1,67.2,-2.4,N/A,N/A
Bradley,MVC,34,25,106,97.8,0.7175,52.7,46.7,17.9,18.9,29.2,23.8,26.8,32.1,52.7,45.8,35.1,32.2,65.2,-1.4,N/A,N/A
Southern Miss,SB,30,25,105.8,99.7,0.6652,50.9,47.8,18,19.9,30.8,29.4,32.2,30.2,52.3,47.6,32.4,32.2,68.5,-0.8,N/A,N/A
Fordham,A10,33,25,101.7,100.3,0.5384,48.6,47,19.1,19.3,29.9,25.2,37.6,37.4,49.1,46.5,31.8,32,69.5,-2,N/A,N/A
Sam Houston St.,WAC,30,26,103.9,93.6,0.7682,50.7,49,19.9,23.1,30.5,24.9,32.3,37.6,47.2,46.6,37.8,34.5,64.4,0.1,N/A,N/A
UMass Lowell,AE,32,26,107.8,103,0.628,53.5,47,20,19.7,35.7,27,33.8,33.9,52.2,44.9,37.7,34.2,68.6,-4.2,N/A,N/A
Toledo,MAC,34,27,119.9,109.6,0.7369,56.3,52.9,13.6,18.3,29.8,30.9,34.4,27.5,54.6,52.1,39.7,36.1,69.5,-1.2,N/A,N/A
Liberty,ASun,33,27,111.4,97.3,0.8246,55.5,49.3,16,18.9,25.3,20.2,26.2,27.8,56.4,48.6,36.4,33.6,64.4,-2,N/A,N/A
Utah Valley,WAC,34,28,107.1,94.6,0.8065,51.7,44,19.3,16.3,28.9,29.1,35.6,28.7,52.5,42.8,33.4,31.1,69.8,-0.3,N/A,N/A
UAB,CUSA,38,29,112.4,97,0.8453,50.3,47.3,17.3,19.3,35.8,29.3,35.7,28.9,48.8,47.2,35.6,31.6,70.7,-0.5,N/A,N/A
North Texas,CUSA,36,31,110,93.8,0.8622,51.2,44.5,19.8,19.9,33.4,28.6,31,40.2,49.6,44.2,35.7,30.1,58.7,1.1,N/A,N/A
